{
    "root_group": {
        "path": "",
        "id": "d41d8cd98f00b204e9800998ecf8427e",
        "groups": {},
        "checks": {},
        "name": ""
    },
    "metrics": {
        "http_req_receiving": {
            "min": 0.5519,
            "med": 2.64265,
            "max": 4.2311,
            "p(90)": 3.9962,
            "p(95)": 4.11365,
            "p(99)": 4.207609999999999,
            "count": 4,
            "avg": 2.5170749999999997
        },
        "data_received": {
            "count": 5455,
            "rate": 177.764486736801
        },
        "vus": {
            "value": 5,
            "min": 5,
            "max": 5
        },
        "vus_max": {
            "value": 5,
            "min": 5,
            "max": 5
        },
        "http_req_connecting": {
            "avg": 0.42545,
            "min": 0,
            "med": 0,
            "max": 1.7018,
            "p(90)": 1.1912600000000002,
            "p(95)": 1.4465299999999994,
            "p(99)": 1.6507459999999996,
            "count": 4
        },
        "iterations": {
            "count": 53922,
            "rate": 1757.1799548710878
        },
        "http_req_duration{expected_response:true}": {
            "max": 614.3647,
            "p(90)": 553.49461,
            "p(95)": 583.9296549999999,
            "p(99)": 608.277691,
            "count": 2,
            "avg": 310.01425,
            "min": 5.6638,
            "med": 310.01424999999995
        },
        "data_sent": {
            "count": 1000,
            "rate": 32.587440281723374
        },
        "http_req_blocked": {
            "med": 0,
            "max": 39.3675,
            "p(90)": 27.557250000000007,
            "p(95)": 33.46237499999999,
            "p(99)": 38.18647499999999,
            "count": 4,
            "avg": 9.841875,
            "min": 0
        },
        "http_reqs": {
            "count": 4,
            "rate": 0.1303497611268935
        },
        "iteration_duration": {
            "min": 0,
            "med": 0,
            "max": 132.1936,
            "p(90)": 16.107350000000007,
            "p(95)": 21.33770999999999,
            "p(99)": 32.646673000000085,
            "count": 53922,
            "avg": 2.7516799877600793
        },
        "http_req_duration": {
            "p(95)": 523.1321949999998,
            "p(99)": 596.1181989999998,
            "count": 4,
            "avg": 157.27257500000002,
            "min": 2.9138,
            "med": 5.9059,
            "max": 614.3647,
            "p(90)": 431.8996900000001,
            "thresholds": {
                "p(95)<5000": false,
                "p(99)<10000": false
            }
        },
        "http_req_failed": {
            "passes": 2,
            "fails": 2,
            "thresholds": {
                "rate<0.05": true
            },
            "value": 0.5
        },
        "http_req_waiting": {
            "p(99)": 591.9974749999999,
            "count": 4,
            "avg": 154.75549999999998,
            "min": 1.0766,
            "med": 3.9059,
            "max": 610.1336,
            "p(90)": 428.7723500000001,
            "p(95)": 519.4529749999998
        },
        "http_req_tls_handshaking": {
            "min": 0,
            "med": 0,
            "max": 0,
            "p(90)": 0,
            "p(95)": 0,
            "p(99)": 0,
            "count": 4,
            "avg": 0
        },
        "http_req_sending": {
            "min": 0,
            "med": 0,
            "max": 0,
            "p(90)": 0,
            "p(95)": 0,
            "p(99)": 0,
            "count": 4,
            "avg": 0
        }
    },
    "setup_data": {
        "masterToken": null,
        "projectId": null,
        "bucketId": null,
        "csrfToken": ""
    }
}